u,LL0_Kp_Sdown,LL1_Kp_Sdown,LLm2_Kp_Sdown,LL2_Kp_Sdown,LL0_Km_Sdown,LL1_Km_Sdown,LLm2_Km_Sdown,LL2_Km_Sdown,LL0_Kp_Sup,LL1_Kp_Sup,LLm2_Kp_Sup,LL2_Kp_Sup,LL0_Km_Sup,LL1_Km_Sup,LLm2_Km_Sup,LL2_Km_Sup,fermi_energy
1.0,-22.701473668082972,-14.976511690004177,-55.46216496637758,50.97739126897756,-23.69063603714959,-15.794342216504463,-59.44305943951626,46.85665187058721,0.9615222219915922,5.938826410578804,-53.95676496637756,52.48279126897749,-0.027640147075028734,5.120995884078515,-57.937659439516224,48.36205187058726,-7.502075918539603
2.0,-22.206839101377614,-14.56757235772565,-55.53745690727448,50.94294534221731,-24.185161526710537,-16.20323320858453,-59.37099854041511,46.89324649769332,1.456156788696963,6.347765742857336,-54.032056907274445,52.448345342217316,-0.5221656366359767,4.712104891998435,-57.865598540415114,48.3986464976933,-7.544868997180814
