u,LLm2_Kp_Sdown_to_LL1_Kp_Sdown,LLm2_Kp_Sup_to_LL1_Kp_Sup
0.0,58.30012048,58.30012048
1.0,58.83989267,58.83989267
2.0,59.38283344,59.38283344
3.0,59.92892255,59.92892255
