u,LL0_Kp_Sdown,LL1_Kp_Sdown,LLm2_Kp_Sdown,LL2_Kp_Sdown,LL0_Km_Sdown,LL1_Km_Sdown,LLm2_Km_Sdown,LL2_Km_Sdown,LL0_Kp_Sup,LL1_Kp_Sup,LLm2_Kp_Sup,LL2_Kp_Sup,LL0_Km_Sup,LL1_Km_Sup,LLm2_Km_Sup,LL2_Km_Sup,fermi_energy
20.0,-19.74702891904719,-13.463439414905345,-63.72611839092249,34.955038297743826,-35.540039054862746,-25.297289397505462,-56.99655169549874,50.66562955145475,-18.241628919047187,-11.958039414905345,-62.22071839092252,36.46043829774383,-34.03463905486275,-23.791889397505464,-55.49115169549873,52.17102955145475,43.56303392459929
21.0,-19.253448396505227,-13.055993941896824,-63.81400905428147,34.96781255962242,-36.062699089698306,-25.73980307782817,-57.031550731312805,50.807991260062224,-17.748048396505226,-11.550593941896825,-62.30860905428146,36.47321255962243,-34.55729908969831,-24.234403077828173,-55.526150731312796,52.31339126006223,43.64060190984233
22.000000000000004,-18.759869636747766,-12.648554215743369,-63.90461120729945,34.98331331065884,-36.58520742592238,-26.182198705097317,-57.069779254572914,50.95342297688424,-17.25446963674776,-11.143154215743369,-62.39921120729946,36.488713310658845,-35.07980742592238,-24.67679870509732,-55.564379254572906,52.45882297688424,43.72106814377155
