u,LL0_Kp_Sdown,LL1_Kp_Sdown,LLm2_Kp_Sdown,LL2_Kp_Sdown,LL0_Km_Sdown,LL1_Km_Sdown,LLm2_Km_Sdown,LL2_Km_Sdown,LL0_Kp_Sup,LL1_Kp_Sup,LLm2_Kp_Sup,LL2_Kp_Sup,LL0_Km_Sup,LL1_Km_Sup,LLm2_Km_Sup,LL2_Km_Sup,fermi_energy
2.0,-14.006762275860387,-0.36353996299954056,-53.38814839719853,52.43471801094861,-16.104193879150287,-2.1381615214747107,-53.113908108085695,52.5896487259399,8.197319578947422,11.537942700713726,-48.47759776621304,57.85607851339986,6.10025561412815,9.763750053787623,-48.083485631719306,57.88463089097544,-8.072461898667548
