u,LLm2_Kp_Sdown_to_LL1_Kp_Sdown,LLm2_Km_Sdown_to_LL1_Km_Sdown,LLm2_Kp_Sup_to_LL1_Kp_Sup,LLm2_Km_Sup_to_LL1_Km_Sup
-2.0,50.97574658661098,53.02460843419899,57.84723568550693,60.015540466926765
-1.0,51.48301470469393,52.507460161504056,58.384493089766494,59.468665432578106
0.0,51.993590611675224,51.993590611675224,58.924976208093256,58.924976208093256
1.0,52.507460161504056,51.48301470469393,59.468665432578106,58.384493089766494
2.0,53.02460843419899,50.97574658661098,60.015540466926765,57.84723568550693
3.0,53.54501975167355,50.47179961463151,60.56558034718234,57.31322289481828
