u,LL0_Kp_Sdown,LL1_Kp_Sdown,LLm2_Kp_Sdown,LL2_Kp_Sdown,LL0_Km_Sdown,LL1_Km_Sdown,LLm2_Km_Sdown,LL2_Km_Sdown,LL0_Kp_Sup,LL1_Kp_Sup,LLm2_Kp_Sup,LL2_Kp_Sup,LL0_Km_Sup,LL1_Km_Sup,LLm2_Km_Sup,LL2_Km_Sup,fermi_energy
2.0,6.885643290880026,10.226266412646332,-49.78927405428043,56.544402225332455,-16.297917591082893,-2.3318852334073163,-53.3076318200183,52.3959250140073,8.391043290880026,11.731666412646332,-48.28387405428043,58.049802225332456,5.906531902195544,9.57002634185502,-48.277209343651904,57.69090717904284,-9.314901412245105
