u,LL0_Kp_Sdown,LL1_Kp_Sdown,LLm2_Kp_Sdown,LL2_Kp_Sdown,LL0_Km_Sdown,LL1_Km_Sdown,LLm2_Km_Sdown,LL2_Km_Sdown,LL0_Kp_Sup,LL1_Kp_Sup,LLm2_Kp_Sup,LL2_Kp_Sup,LL0_Km_Sup,LL1_Km_Sup,LLm2_Km_Sup,LL2_Km_Sup,fermi_energy
-2.0,-16.297917591082893,-2.3318852334073163,-53.3076318200183,52.3959250140073,6.885643290880026,10.226266412646332,-49.78927405428043,56.544402225332455,5.906531902195544,9.57002634185502,-48.277209343651904,57.69090717904284,8.391043290880026,11.731666412646332,-48.28387405428043,58.049802225332456,-9.314901412245105
-1.0,-15.77355826200165,-1.888188095220275,-53.3712027999142,52.352100504320774,6.361406539157523,9.782791197847855,-49.68587423473025,56.54646963613199,6.430820780336773,10.013641287278714,-48.37085180248778,57.678691133798765,7.866806539157521,11.288191197847855,-48.18047423473024,58.051869636132,-8.830873178610963
0.0,5.837146071027588,9.339263252871444,-49.58571295522182,56.55191251392254,-15.24919556570731,-1.4445145857792276,-53.438105197454455,52.311671005015434,7.342546071027588,10.844663252871442,-48.08031295522182,58.05731251392254,6.9550986471623775,10.457215829006232,-48.467760379087025,57.669865090057336,-8.34685507574327
1.0,6.361406539157523,9.782791197847855,-49.68587423473025,56.54646963613199,-15.77355826200165,-1.888188095220275,-53.3712027999142,52.352100504320774,7.866806539157521,11.288191197847855,-48.18047423473024,58.051869636132,6.430820780336773,10.013641287278714,-48.37085180248778,57.678691133798765,-8.830873178610963
2.0,6.885643290880026,10.226266412646332,-49.78927405428043,56.544402225332455,-16.297917591082893,-2.3318852334073163,-53.3076318200183,52.3959250140073,8.391043290880026,11.731666412646332,-48.28387405428043,58.049802225332456,5.906531902195544,9.57002634185502,-48.277209343651904,57.69090717904284,-9.314901412245105
3.0,7.409850081834929,10.66968282863458,-49.89589751854777,56.54570172900277,-16.822267009358345,-2.775599647586868,-53.24739926221837,52.443144110259716,8.915250081834929,12.17508282863458,-48.39049751854777,58.051101729002774,5.38223846601823,9.126377240123293,-48.18684565469499,57.70651918917804,-9.798933328472607
