u,LLm2_Kp_Sdown_to_LL1_Kp_Sdown,LLm2_Km_Sdown_to_LL1_Km_Sdown,LLm2_Kp_Sup_to_LL1_Kp_Sup,LLm2_Km_Sup_to_LL1_Km_Sup
-2.0,50.97574658661098,60.015540466926765,57.847235685506924,60.015540466926765
-1.0,51.48301470469393,59.468665432578106,58.384493089766494,59.46866543257809
0.0,58.92497620809327,51.99359061167523,58.92497620809326,58.924976208093256
1.0,59.468665432578106,51.48301470469393,59.46866543257809,58.384493089766494
2.0,60.015540466926765,50.97574658661098,60.015540466926765,57.847235685506924
3.0,60.56558034718235,50.47179961463151,60.56558034718235,57.31322289481828
