u,LLm2_Kp_Sdown_to_LL1_Kp_Sdown,LLm2_Km_Sdown_to_LL1_Km_Sdown,LLm2_Kp_Sup_to_LL1_Kp_Sup,LLm2_Km_Sup_to_LL1_Km_Sup
0.0,51.22155995,51.15071211,58.26356449,58.19278756
1.0,52.92595546,51.82955762,58.05233485,56.91301338
2.0,53.44329393,51.32128831,58.5910104,56.38318778
3.0,53.96386356,50.81632026,59.13283616,55.85659815
