u,LL0_Kp_Sdown,LL1_Kp_Sdown,LLm2_Kp_Sdown,LL2_Kp_Sdown,LL0_Km_Sdown,LL1_Km_Sdown,LLm2_Km_Sdown,LL2_Km_Sdown,LL0_Kp_Sup,LL1_Kp_Sup,LLm2_Kp_Sup,LL2_Kp_Sup,LL0_Km_Sup,LL1_Km_Sup,LLm2_Km_Sup,LL2_Km_Sup,fermi_energy
1.0,-22.701473668082986,-14.976511690004191,-43.37072698197132,54.740897975034684,-23.690636037149588,-15.79434221650446,-43.25968379138522,54.78074857942588,0.9615222219915941,5.9388264105788044,-41.86532698197132,56.246297975034686,-0.027640147075034295,5.120995884078515,-41.75428379138522,56.286148579425884,-7.502075918539613
2.0,-22.206839101377614,-14.567572357725636,-43.43045405311882,54.72519031228756,-24.185161526710544,-16.203233208584525,-43.20837444745197,54.804897348094606,1.456156788696963,6.347765742857334,-41.92505405311882,56.23059031228756,-0.522165636635979,4.712104891998437,-41.702974447451965,56.31029734809461,-7.544868997180807
3.0,-21.712170455165282,-14.158617110603657,-43.492979488365016,54.71228975484398,-24.679648309494905,-16.612107881357836,-43.1598770133178,54.83186487083537,1.9508254349092988,6.756720989979302,-41.987579488365014,56.21768975484398,-1.016652419420308,4.303230219225146,-41.654477013317795,56.33726487083538,-7.587634765011982
4.0,-21.217468837166127,-13.749646044462983,-43.558298750416064,54.70219223935923,-25.174095175412848,-17.020966127968446,-43.114193711273245,54.86165289549717,2.4455270529084436,7.165692056120011,-42.05289875041606,56.207592239359236,-1.5110992853382859,3.8943719726145285,-41.608793711273236,56.367052895497174,-7.6303726649006345
