u,LL0_Kp_Sdown,LL1_Kp_Sdown,LLm2_Kp_Sdown,LL2_Kp_Sdown,LL0_Km_Sdown,LL1_Km_Sdown,LLm2_Km_Sdown,LL2_Km_Sdown,LL0_Kp_Sup,LL1_Kp_Sup,LLm2_Kp_Sup,LL2_Kp_Sup,LL0_Km_Sup,LL1_Km_Sup,LLm2_Km_Sup,LL2_Km_Sup,fermi_energy
1.0,-15.639653868886088,-8.083778524006775,-43.37072698197132,54.740897975034684,-16.628816237952698,-8.901609050507059,-43.25968379138522,54.78074857942588,1.5371730688665934,6.514477257453808,-41.86532698197132,56.246297975034686,0.5480106997999716,5.696646730953518,-41.75428379138522,56.286148579425884,-3.7678839121034016
2.0,-15.145019302180721,-7.674839191728238,-43.43045405311882,54.72519031228756,-17.123341727513647,-9.310500042587135,-43.20837444745197,54.804897348094606,2.0318076355719614,6.923416589732334,-41.92505405311882,56.23059031228756,0.053485210239023716,5.287755738873437,-41.702974447451965,56.31029734809461,-3.810676990744607
3.0,-14.650350655968385,-7.265883944606276,-43.492979488365016,54.71228975484398,-17.617828510297976,-9.719374715360427,-43.1598770133178,54.83186487083537,2.526476281784296,7.332371836854302,-41.987579488365014,56.21768975484398,-0.44100157254531036,4.878881066100145,-41.654477013317795,56.33726487083538,-3.8534427585757935
4.0,-14.155649037969239,-6.856912878465558,-43.558298750416064,54.70219223935923,-18.112275376215965,-10.12823296197104,-43.114193711273245,54.86165289549717,3.021177899783446,7.741342902995004,-42.05289875041606,56.207592239359236,-0.9354484384632836,4.470022819489529,-41.608793711273236,56.367052895497174,-3.896180658464421
