u,LL1_Kp_Sdown_to_LL2_Kp_Sdown,LL1_Km_Sdown_to_LL2_Km_Sdown,LLm2_Kp_Sup_to_LL1_Kp_Sup,LLm2_Km_Sup_to_LL1_Km_Sup
1.0,69.71740966503887,70.57509079593034,47.80415339255013,46.87527967546374
2.0,69.29276267001319,71.00813055667913,48.272819795976154,46.4150793394504
3.0,68.87090686544764,71.4439727521932,48.744300478344314,45.957707232542944
4.0,68.45183828382221,71.88261902346562,49.21859080653607,45.503165683887765
