u,LLm2_Kp_Sdown_to_LL1_Kp_Sdown,LLm2_Km_Sdown_to_LL1_Km_Sdown,LLm2_Kp_Sup_to_LL1_Kp_Sup,LLm2_Km_Sup_to_LL1_Km_Sup
0.0,56.65535125,51.79554355,56.65535125,57.71633342
1.0,57.1857616,51.29234416,57.1857616,57.1874812
2.0,57.7193118,50.79235528,57.7193118,56.66176402
3.0,58.25598338,50.29558868,58.25598338,56.13919853
