u,LL0_Kp_Sdown,LL1_Kp_Sdown,LLm2_Kp_Sdown,LL2_Kp_Sdown,LL0_Km_Sdown,LL1_Km_Sdown,LLm2_Km_Sdown,LL2_Km_Sdown,LL0_Kp_Sup,LL1_Kp_Sup,LLm2_Kp_Sup,LL2_Kp_Sup,LL0_Km_Sup,LL1_Km_Sup,LLm2_Km_Sup,LL2_Km_Sup,fermi_energy
-1.0,5.119144492269378,8.70196499921132,-49.68252809055518,56.36701484573137,6.167682827224917,9.589067485915251,-49.87959794666286,56.35274592419939,6.624544492269378,10.207364999211322,-48.17712809055517,57.87241484573137,7.673082827224917,11.09446748591525,-48.37419794666286,57.85814592419939,-21.528991799142897
0.0,5.643422359094983,9.145539540938836,-49.77943666715443,56.35818880198994,5.643422359094983,9.145539540938836,-49.77943666715443,56.35818880198994,7.148822359094983,10.650939540938838,-48.27403666715442,57.86358880198994,7.148822359094983,10.650939540938838,-48.27403666715442,57.86358880198994,-21.315307154029718
1.0,6.167682827224917,9.589067485915251,-49.87959794666286,56.35274592419939,5.119144492269378,8.70196499921132,-49.68252809055518,56.36701484573137,7.673082827224917,11.09446748591525,-48.37419794666286,57.85814592419939,6.624544492269378,10.207364999211322,-48.17712809055517,57.87241484573137,-21.528991799142897
