u,LL0_Kp_Sdown,LL1_Kp_Sdown,LLm2_Kp_Sdown,LL2_Kp_Sdown,LL0_Km_Sdown,LL1_Km_Sdown,LLm2_Km_Sdown,LL2_Km_Sdown,LL0_Kp_Sup,LL1_Kp_Sup,LLm2_Kp_Sup,LL2_Kp_Sup,LL0_Km_Sup,LL1_Km_Sup,LLm2_Km_Sup,LL2_Km_Sup,fermi_energy
-2.0,8.52428759884594,12.778112798642125,-36.52934450111363,61.54646212625628,6.304472155082212,9.645095276848515,-50.37044519007824,55.963231089534645,10.02968759884594,14.283512798642127,-35.023944501113625,63.05186212625628,7.809872155082211,11.150495276848517,-48.86504519007824,57.46863108953465,-42.69719484559593
-1.0,9.019144282397676,13.187390183711459,-36.58887485208912,61.530499550201796,5.780235403359708,9.20162006205004,-50.267045370528066,55.96529850033417,10.524544282397676,14.69279018371146,-35.08347485208912,63.03589955020179,7.2856354033597075,10.70702006205004,-48.76164537052806,57.47069850033418,-42.67526011130859
0.0,5.255974935229773,8.758092117073627,-50.16688409101963,55.97074137812473,9.514048395045409,13.596695345564836,-36.65121375466445,61.51735294253289,6.761374935229773,10.263492117073628,-48.66148409101963,57.47614137812474,11.019448395045407,15.102095345564837,-35.14581375466444,63.02275294253289,-42.65634892284204
1.0,5.780235403359708,9.20162006205004,-50.267045370528066,55.96529850033417,9.019144282397676,13.187390183711459,-36.58887485208912,61.530499550201796,7.2856354033597075,10.70702006205004,-48.76164537052806,57.47069850033418,10.524544282397676,14.69279018371146,-35.08347485208912,63.03589955020179,-42.67526011130859
2.0,6.304472155082212,9.645095276848515,-50.37044519007824,55.963231089534645,8.52428759884594,12.778112798642125,-36.52934450111363,61.54646212625628,7.809872155082211,11.150495276848517,-48.86504519007824,57.46863108953465,10.02968759884594,14.283512798642127,-35.023944501113625,63.05186212625628,-42.69719484559593
3.0,6.828678946037114,10.088511692836763,-50.477068654345594,55.96453059320495,8.029479664992175,12.368863449621164,-36.47262654133601,61.565243997450004,8.334078946037113,11.593911692836764,-48.971668654345585,57.46993059320495,9.534879664992175,13.874263449621164,-34.96722654133601,63.070643997450006,-42.7221475978408
