u,LLm2_Kp_Sdown_to_LL1_Kp_Sdown,LLm2_Kp_Sup_to_LL1_Kp_Sup
0.0,57.32419135,57.32419135
1.0,57.8555881,57.8555881
2.0,58.3900999,58.3900999
3.0,58.92770826,58.92770826
