u,LL0_Kp_Sdown,LL1_Kp_Sdown,LLm2_Kp_Sdown,LL2_Kp_Sdown,LL0_Km_Sdown,LL1_Km_Sdown,LLm2_Km_Sdown,LL2_Km_Sdown,LL0_Kp_Sup,LL1_Kp_Sup,LLm2_Kp_Sup,LL2_Kp_Sup,LL0_Km_Sup,LL1_Km_Sup,LLm2_Km_Sup,LL2_Km_Sup,fermi_energy
20.0,-14.583931127852532,-7.568974466473321,-58.33078668522947,47.660601506444515,-36.31493390259317,-26.07218424523588,-57.77144654322916,49.89073470372432,7.696075572301283,14.735371808651,-51.9729984956498,56.53309023651745,-29.652463367247393,-16.831154516469333,-53.8658219234629,53.31009222997182,0.06355055291398104
21.0,-14.06059068134443,-7.1268090821710075,-58.43208162836859,47.65451966143712,-36.837593937428736,-26.51469792555859,-57.80644557904322,50.03309641233181,8.218799561347907,15.176817992581585,-52.12097334459062,56.57819304440954,-30.175164463917053,-17.273716102265144,-53.88402067026941,53.43541821769745,0.54599523958845
22.000000000000004,-13.53735782047041,-6.684772904714953,-58.53654872056543,47.65176578905026,-37.3601022736528,-26.95709355282774,-57.84467410230333,50.17852812915382,8.74139276443161,15.618107902615609,-52.27184280623212,56.626414562971924,-30.69771371646082,-17.71615946524061,-53.90547935938419,53.56387067020308,1.0283099298583287
