u,LL0_Kp_Sdown,LL1_Kp_Sdown,LLm2_Kp_Sdown,LL2_Kp_Sdown,LL0_Km_Sdown,LL1_Km_Sdown,LLm2_Km_Sdown,LL2_Km_Sdown,LL0_Kp_Sup,LL1_Kp_Sup,LLm2_Kp_Sup,LL2_Kp_Sup,LL0_Km_Sup,LL1_Km_Sup,LLm2_Km_Sup,LL2_Km_Sup,fermi_energy
-1.0,-15.77355826200165,-1.888188095220275,-53.3712027999142,52.352100504320774,6.361406539157523,9.782791197847855,-49.68587423473025,56.54646963613199,6.430820780336773,10.013641287278714,-48.37085180248778,57.678691133798765,7.866806539157521,11.288191197847855,-48.18047423473024,58.051869636132,-8.830873178610963
0.0,5.837146071027588,9.339263252871444,-49.58571295522182,56.55191251392254,-15.24919556570731,-1.4445145857792276,-53.438105197454455,52.311671005015434,7.342546071027588,10.844663252871442,-48.08031295522182,58.05731251392254,6.9550986471623775,10.457215829006232,-48.467760379087025,57.669865090057336,-8.34685507574327
1.0,6.361406539157523,9.782791197847855,-49.68587423473025,56.54646963613199,-15.77355826200165,-1.888188095220275,-53.3712027999142,52.352100504320774,7.866806539157521,11.288191197847855,-48.18047423473024,58.051869636132,6.430820780336773,10.013641287278714,-48.37085180248778,57.678691133798765,-8.830873178610963
