u,LL0_Kp_Sdown,LL1_Kp_Sdown,LLm2_Kp_Sdown,LL2_Kp_Sdown,LL0_Km_Sdown,LL1_Km_Sdown,LLm2_Km_Sdown,LL2_Km_Sdown,LL0_Kp_Sup,LL1_Kp_Sup,LLm2_Kp_Sup,LL2_Kp_Sup,LL0_Km_Sup,LL1_Km_Sup,LLm2_Km_Sup,LL2_Km_Sup,fermi_energy
-2.0,4.788579326060754,8.452073765720227,-49.395161919786695,56.57295460290805,6.498195867014815,9.838818988781123,-50.176721478145645,56.15695480146725,9.835963886913333,14.08978908670952,-35.21766821304623,62.85813841432368,8.003595867014816,11.344218988781122,-48.671321478145636,57.66235480146725,-41.94449484559593
-1.0,5.312868204201983,8.895688711143924,-49.488804378622575,56.56073855766397,5.973959115292312,9.395343773982646,-50.07332165859546,56.15902221226678,10.33082057046507,14.499066471778853,-35.27719856402173,62.84217583826919,7.479359115292312,10.900743773982647,-48.56792165859546,57.66442221226678,-41.9225601113086
0.0,5.449698647162378,8.951815829006232,-49.97316037908703,56.164465090057334,5.837146071027588,9.339263252871444,-49.58571295522182,56.55191251392254,6.9550986471623775,10.457215829006232,-48.467760379087025,57.669865090057336,10.825724683112803,14.90837163363223,-35.33953746659706,62.829029230600284,-41.90364892284204
1.0,5.973959115292312,9.395343773982646,-50.07332165859546,56.15902221226678,5.312868204201983,8.895688711143924,-49.488804378622575,56.56073855766397,7.479359115292312,10.900743773982647,-48.56792165859546,57.66442221226678,10.33082057046507,14.499066471778853,-35.27719856402173,62.84217583826919,-41.9225601113086
2.0,6.498195867014815,9.838818988781123,-50.176721478145645,56.15695480146725,4.788579326060754,8.452073765720227,-49.395161919786695,56.57295460290805,8.003595867014816,11.344218988781122,-48.671321478145636,57.66235480146725,9.835963886913333,14.08978908670952,-35.21766821304623,62.85813841432368,-41.94449484559593
3.0,7.022402657969718,10.282235404769368,-50.28334494241296,56.158254305137554,4.26428588988344,8.008424663988503,-49.30479823082979,56.58856661304324,8.527802657969717,11.787635404769368,-48.77794494241296,57.663654305137555,9.341155953059571,13.68053973768856,-35.16095025326861,62.87692028551739,-41.969447597840784
