u,LLm2_Kp_Sdown_to_LL1_Kp_Sdown,LLm2_Km_Sdown_to_LL1_Km_Sdown,LLm2_Km_Sup_to_LL1_Km_Sup,LLm2_Kp_Sup_to_LL1_Kp_Sup
-2.0,57.847235685506924,60.015540466926765,60.01554046692676,
-1.0,58.3844930897665,59.468665432578106,59.468665432578106,
0.0,58.924976208093256,58.92497620809327,,58.924976208093256
1.0,59.468665432578106,58.3844930897665,,59.468665432578106
2.0,60.015540466926765,57.847235685506924,,60.01554046692676
3.0,60.565580347182326,57.313222894818296,,60.565580347182326
