u,LLm2_Kp_Sdown_to_LL1_Kp_Sdown,LLm2_Km_Sdown_to_LL1_Km_Sdown,LLm2_Kp_Sup_to_LL1_Kp_Sup,LLm2_Km_Sup_to_LL1_Km_Sup
0.0,57.5712672,50.98735715,57.5712672,55.89156433
1.0,58.10264361,50.49137936,58.10264361,55.37424889
2.0,58.63712128,49.99855574,58.63712128,54.860019
3.0,59.17468174,49.50889651,59.17468174,54.34888907
