u,LLm2_Kp_Sdown_to_LL1_Kp_Sdown,LLm2_Km_Sdown_to_LL1_Km_Sdown,LLm2_Kp_Sup_to_LL1_Kp_Sup,LLm2_Km_Sup_to_LL1_Km_Sup
0.0,57.31604782,57.17099132,57.31604782,57.17099132
1.0,57.84973242,56.64320701,57.84973242,56.64320701
2.0,58.38656148,56.11857138,58.38656148,56.11857138
3.0,58.92651595,55.59710091,58.92651595,55.59710091
