u,LLm2_Kp_Sdown_to_LL1_Kp_Sdown,LLm2_Kp_Sup_to_LL1_Kp_Sup
0.0,58.92946215,58.92946215
1.0,59.47325319,59.47325319
2.0,60.02023035,60.02023035
3.0,60.5703726,60.5703726
4.0,61.12365823,61.12365823
