u,LL1_Kp_Sdown_to_LL2_Kp_Sdown,LLm2_Km_Sdown_to_LL1_Km_Sdown,LLm2_Kp_Sup_to_LL1_Kp_Sup,LLm2_Km_Sup_to_LL1_Km_Sup,LL1_Km_Sdown_to_LL2_Km_Sdown
0.0,56.04976897,59.34737115,54.20054808,60.21855926,
1.0,67.50937478,,57.78007663,58.62988283,59.21278291
2.0,66.42973668,,53.82378562,62.55437287,62.4810959
3.0,64.55447383,,56.55554559,57.65620894,60.15768942
