u,LLm2_Kp_Sdown_to_LL1_Kp_Sdown,LL1_Km_Sdown_to_LL2_Km_Sdown,LLm2_Kp_Sup_to_LL1_Kp_Sup,LLm2_Km_Sup_to_LL1_Km_Sup
0.0,55.59402168,58.59235618,55.36558135,60.84176111
1.0,55.97192762,59.33821221,55.88139495,60.32216729
2.0,56.83553603,64.44848942,58.45722641,61.04249934
3.0,57.1270815,63.29323708,58.9222944,58.91605265
4.0,54.39025529,62.26050333,57.00006696,61.38396981
