u,LLm2_Kp_Sdown_to_LL1_Kp_Sdown,LLm2_Km_Sdown_to_LL1_Km_Sdown,LLm2_Kp_Sup_to_LL1_Kp_Sup,LLm2_Km_Sup_to_LL1_Km_Sup
0.0,57.41285489,55.52085728,59.92263333,58.0306357
1.0,57.6390452,54.76978299,60.37648603,57.44719948
2.0,58.13422006,54.28771813,60.90156123,56.93502179
3.0,58.63270268,53.80900642,61.42986233,56.42613768
4.0,59.13448059,53.3336558,61.96137144,55.92056084
