u,LLm2_Kp_Sdown_to_LL1_Kp_Sdown,LLm2_Kp_Sup_to_LL1_Kp_Sup
0.0,56.38388787,56.38388787
1.0,56.9100865,56.9100865
2.0,57.43939288,57.43939288
3.0,57.97178949,57.97178949
