u,LL0_Kp_Sdown,LL1_Kp_Sdown,LLm2_Kp_Sdown,LL2_Kp_Sdown,LL0_Km_Sdown,LL1_Km_Sdown,LLm2_Km_Sdown,LL2_Km_Sdown,LL0_Kp_Sup,LL1_Kp_Sup,LLm2_Kp_Sup,LL2_Kp_Sup,LL0_Km_Sup,LL1_Km_Sup,LLm2_Km_Sup,LL2_Km_Sup,fermi_energy
-2.0,4.594855614128148,8.258350053787623,-49.58888563171931,56.379230890975435,6.691919578947421,10.032542700713725,-49.98299776621304,56.35067851339985,6.100255614128149,9.763750053787621,-48.083485631719306,57.88463089097544,8.197319578947422,11.537942700713726,-48.47759776621304,57.85607851339986,-21.744315008795578
-1.0,5.119144492269378,8.70196499921132,-49.68252809055518,56.36701484573137,6.167682827224917,9.589067485915251,-49.87959794666286,56.35274592419939,6.624544492269378,10.207364999211322,-48.17712809055517,57.87241484573137,7.673082827224917,11.09446748591525,-48.37419794666286,57.85814592419939,-21.528991799142897
0.0,5.643422359094983,9.145539540938836,-49.77943666715443,56.35818880198994,5.643422359094983,9.145539540938836,-49.77943666715443,56.35818880198994,7.148822359094983,10.650939540938838,-48.27403666715442,57.86358880198994,7.148822359094983,10.650939540938838,-48.27403666715442,57.86358880198994,-21.315307154029718
1.0,6.167682827224917,9.589067485915251,-49.87959794666286,56.35274592419939,5.119144492269378,8.70196499921132,-49.68252809055518,56.36701484573137,7.673082827224917,11.09446748591525,-48.37419794666286,57.85814592419939,6.624544492269378,10.207364999211322,-48.17712809055517,57.87241484573137,-21.528991799142897
2.0,6.691919578947421,10.032542700713725,-49.98299776621304,56.35067851339985,4.594855614128148,8.258350053787623,-49.58888563171931,56.379230890975435,8.197319578947422,11.537942700713726,-48.47759776621304,57.85607851339986,6.100255614128149,9.763750053787621,-48.083485631719306,57.88463089097544,-21.744315008795578
3.0,7.216126369902323,10.475959116701974,-50.08962123048037,56.35197801707017,4.070562177950835,7.814700952055898,-49.498521942762395,56.394842901110636,8.721526369902323,11.981359116701976,-48.58422123048037,57.857378017070175,5.575962177950836,9.320100952055897,-47.993121942762386,57.900242901110644,-21.961279882405776
