u,LL0_Kp_Sdown,LL1_Kp_Sdown,LLm2_Kp_Sdown,LL2_Kp_Sdown,LL0_Km_Sdown,LL1_Km_Sdown,LLm2_Km_Sdown,LL2_Km_Sdown,LL0_Kp_Sup,LL1_Kp_Sup,LLm2_Kp_Sup,LL2_Kp_Sup,LL0_Km_Sup,LL1_Km_Sup,LLm2_Km_Sup,LL2_Km_Sup,fermi_energy
-1.0,-15.579834550069046,-1.6944643832876702,-53.1774790879816,52.54582421625337,-14.531112283059697,-0.8071473091876257,-53.31460747069168,52.46835976467555,6.624544492269378,10.207364999211322,-48.17712809055517,57.87241484573137,7.673082827224917,11.09446748591525,-48.37419794666286,57.85814592419939,-8.112788333173684
0.0,-15.055471853774705,-1.250790873846623,-53.24438148552185,52.50539471694804,-15.055471853774705,-1.250790873846623,-53.24438148552185,52.50539471694804,7.148822359094983,10.650939540938838,-48.27403666715442,57.86358880198994,7.148822359094983,10.650939540938838,-48.27403666715442,57.86358880198994,-8.153131363810664
1.0,-14.531112283059697,-0.8071473091876257,-53.31460747069168,52.46835976467555,-15.579834550069046,-1.6944643832876702,-53.1774790879816,52.54582421625337,7.673082827224917,11.09446748591525,-48.37419794666286,57.85814592419939,6.624544492269378,10.207364999211322,-48.17712809055517,57.87241484573137,-8.112788333173684
