u,LLm2_Kp_Sdown_to_LL1_Kp_Sdown,LLm2_Km_Sdown_to_LL1_Km_Sdown,LLm2_Kp_Sup_to_LL1_Kp_Sup,LLm2_Km_Sup_to_LL1_Km_Sup
0.0,53.55511977,55.40435729,55.27417112,57.12330145
1.0,53.9857773,54.89605526,55.76841782,56.63736294
2.0,54.46685022,54.43821172,56.26993595,56.15875337
3.0,54.95111518,53.98360953,56.77452497,55.68329272
