u,LL0_Kp_Sdown,LL1_Kp_Sdown,LLm2_Kp_Sdown,LL2_Kp_Sdown,LL0_Km_Sdown,LL1_Km_Sdown,LLm2_Km_Sdown,LL2_Km_Sdown,LL0_Kp_Sup,LL1_Kp_Sup,LLm2_Kp_Sup,LL2_Kp_Sup,LL0_Km_Sup,LL1_Km_Sup,LLm2_Km_Sup,LL2_Km_Sup,fermi_energy
1.0,-22.701473668082983,-14.976511690004179,-43.37072698197132,54.740897975034684,-23.6906360371496,-15.794342216504448,-43.25968379138522,54.78074857942588,0.9615222219915938,5.938826410578803,-41.86532698197132,56.246297975034686,-0.02764014707502807,5.120995884078514,-41.75428379138522,56.286148579425884,-7.502075918539603
