u,LL0_Kp_Sdown,LL1_Kp_Sdown,LLm2_Kp_Sdown,LL2_Kp_Sdown,LL0_Km_Sdown,LL1_Km_Sdown,LLm2_Km_Sdown,LL2_Km_Sdown,LL0_Kp_Sup,LL1_Kp_Sup,LLm2_Kp_Sup,LL2_Kp_Sup,LL0_Km_Sup,LL1_Km_Sup,LLm2_Km_Sup,LL2_Km_Sup,fermi_energy
-2.0,-26.113656194042264,-17.318537001219056,-56.93252543331476,48.64997270939122,-28.63145570596514,-20.79920260253121,-62.61584184499122,35.19899916579079,-24.608256194042266,-15.813137001219058,-55.42712543331475,50.15537270939122,-27.126055705965143,-19.293802602531212,-61.11044184499121,36.70439916579079,42.677185937591005
-1.0,-25.589357294906257,-16.87491036463478,-56.960905557563045,48.56935199016709,-29.125008769828842,-21.206880181494476,-62.58067794940082,35.2391667944977,-24.08395729490626,-15.36951036463478,-55.455505557563036,50.074751990167094,-27.619608769828844,-19.701480181494475,-61.07527794940082,36.7445667944977,42.656959392332396
0.0,-29.618555504536314,-21.61457543747806,-62.54832264438615,35.28215075257868,-25.06503786757621,-16.43128733565208,-56.992670149416846,48.492108064774634,-28.113155504536316,-20.109175437478058,-61.042922644386145,36.78755075257868,-23.55963786757621,-14.925887335652078,-55.48727014941684,49.99750806477464,42.63982940867666
1.0,-29.125008769828842,-21.206880181494476,-62.58067794940082,35.2391667944977,-25.589357294906257,-16.87491036463478,-56.960905557563045,48.56935199016709,-27.619608769828844,-19.701480181494475,-61.07527794940082,36.7445667944977,-24.08395729490626,-15.36951036463478,-55.455505557563036,50.074751990167094,42.656959392332396
2.0,-28.63145570596514,-20.79920260253121,-62.61584184499122,35.19899916579079,-26.113656194042264,-17.318537001219056,-56.93252543331476,48.64997270939122,-27.126055705965143,-19.293802602531212,-61.11044184499121,36.70439916579079,-24.608256194042266,-15.813137001219058,-55.42712543331475,50.15537270939122,42.677185937591005
3.0,-28.13789698483001,-20.391542267999323,-62.653813664082804,35.16164755543353,-26.637928064962505,-17.762160943484197,-56.90753004030528,48.73396239645588,-26.632496984830016,-18.886142267999322,-61.1484136640828,36.667047555433534,-25.132528064962507,-16.256760943484196,-55.40213004030528,50.23936239645588,42.70050497594471
