u,LL0_Kp_Sdown,LL1_Kp_Sdown,LLm2_Kp_Sdown,LL2_Kp_Sdown,LL0_Km_Sdown,LL1_Km_Sdown,LLm2_Km_Sdown,LL2_Km_Sdown,LL0_Kp_Sup,LL1_Kp_Sup,LLm2_Kp_Sup,LL2_Kp_Sup,LL0_Km_Sup,LL1_Km_Sup,LLm2_Km_Sup,LL2_Km_Sup,fermi_energy
2.0,-24.403810687485187,-15.931524651621311,-57.453794762637635,47.960330107411174,-26.501103617907475,-17.705984425084267,-57.31997285717996,48.26252528552601,-12.501362275860387,1.1418600370004595,-51.882748397198526,53.94011801094861,-14.598793879150286,-0.6327615214747101,-51.608508108085694,54.095048725939904,-6.567061898667549
