u,LL0_Kp_Sdown,LL1_Kp_Sdown,LLm2_Kp_Sdown,LL2_Kp_Sdown,LL0_Km_Sdown,LL1_Km_Sdown,LLm2_Km_Sdown,LL2_Km_Sdown,LL0_Kp_Sup,LL1_Kp_Sup,LLm2_Kp_Sup,LL2_Kp_Sup,LL0_Km_Sup,LL1_Km_Sup,LLm2_Km_Sup,LL2_Km_Sup,fermi_energy
20.0,17.942059617405192,19.72875739237757,-51.48447858962086,58.38757823845145,-37.87975632690869,-27.410352698971863,-58.610160813367365,49.660381009395586,18.333326086628798,20.120023861601183,-51.093212120397276,58.778844707675084,-37.4884898576851,-27.01908622974822,-58.21889434414376,50.05164747861917,-4.538513306171513
21.0,18.46657453402986,20.172292698748233,-51.649157313458545,58.44868614270871,-38.40430185603336,-27.855065976127072,-58.64739976832038,49.80705905055658,18.857841003253455,20.56355916797186,-51.25789084423497,58.83995261193232,-38.01303538680972,-27.46379950690345,-58.25613329909681,50.19832551978013,-4.4986124864367945
22.000000000000004,18.990947779666755,20.615659088740124,-51.81667357656564,58.51288289521587,-38.92868840580518,-28.299652723122648,-58.68789796874069,49.95682433524185,19.382214248890346,21.006925557963758,-51.425407107342004,58.90414936443942,-38.53742193658156,-27.90838625389909,-58.29663149951706,50.348090804465414,-4.458719237116167
23.000000000000004,19.515174998611087,21.058852418075716,-51.98700110454672,58.580145542794746,-39.45290934914504,-28.744107187988625,-58.731638771497046,50.10965333928543,19.90644146783465,21.450118887299343,-51.59573463532317,58.971412012018355,-39.06164287992137,-28.352840718765034,-58.34037230227347,50.500919808509074,-4.418832860076973
24.000000000000004,20.03925194995753,21.50186867286168,-52.160113329811814,58.65045066057212,-39.97695808642914,-29.188423701216426,-58.778604843579906,50.26552200026579,20.43051841918116,21.893135142085246,-51.768846860588155,59.04171712979571,-39.58569161720558,-28.797157231992873,-58.38733837435623,50.656788469489264,-4.378952641017671
25.000000000000004,20.563174511638955,21.94470397368257,-52.335983416179204,58.7237743754265,-40.50082804991003,-29.632596683507142,-58.828778180405,50.42440574345634,20.954440980862557,22.335970442906195,-51.944716946955594,59.11504084465011,-40.10956158068653,-29.241330214283547,-58.43751171118142,50.81567221267993,-4.339077851322296
