LLm2_Kp_Sdown_to_LL1_Kp_Sdown,LL1_Km_Sdown_to_LL2_Km_Sdown,LLm2_Kp_Sup_to_LL1_Kp_Sup,LL1_Km_Sup_to_LL2_Km_Sup,u
71.21323598199844,77.07073370836744,71.21323598199845,77.07073370836738,20.0
71.82145001220678,77.66212502668365,71.82145001220684,77.66212502668358,21.0
72.43233266530576,78.2564770583645,72.43233266530576,78.25647705836451,22.000000000000004
73.04585352262244,78.85376052727406,73.04585352262251,78.8537605272741,23.000000000000004
73.6619820026735,79.45394570148221,73.6619820026734,79.45394570148214,24.000000000000004
74.28068738986178,80.05700242696348,74.28068738986178,80.05700242696348,25.000000000000004
