u,LL0_Kp_Sdown,LL1_Kp_Sdown,LLm2_Kp_Sdown,LL2_Kp_Sdown,LL0_Km_Sdown,LL1_Km_Sdown,LLm2_Km_Sdown,LL2_Km_Sdown,LL0_Kp_Sup,LL1_Kp_Sup,LLm2_Kp_Sup,LL2_Kp_Sup,LL0_Km_Sup,LL1_Km_Sup,LLm2_Km_Sup,LL2_Km_Sup,fermi_energy
-4.0,-19.69010595,-4.61864493,-55.13598908,51.20148236,-15.47425951,-3.57156775,-59.85278593,46.72548441,-18.18470595,-3.11324493,-53.63058908,52.70688236,-13.96885951,-2.06616775,-58.34738593,48.23088441,-9.29375222
0.0,-17.5828421,-2.83233182,-55.3900531,51.01543091,-17.57767626,-5.35297138,-59.51798636,46.82391471,-16.0774421,-1.32693182,-53.8846531,52.52083091,-16.07227626,-3.84757138,-58.01258636,48.32931471,-10.71262382
4.0,-15.47572019,-1.04660552,-55.69792245,50.88446291,-19.68137991,-7.13513091,-59.23644065,46.97718921,-13.97032019,0.45879448,-54.19252245,52.38986291,-18.17597991,-5.62973091,-57.73104065,48.48258921,-10.55272555
