u,LL0_Kp_Sdown,LL1_Kp_Sdown,LLm2_Kp_Sdown,LL2_Kp_Sdown,LL0_Km_Sdown,LL1_Km_Sdown,LLm2_Km_Sdown,LL2_Km_Sdown,LL0_Kp_Sup,LL1_Kp_Sup,LLm2_Kp_Sup,LL2_Kp_Sup,LL0_Km_Sup,LL1_Km_Sup,LLm2_Km_Sup,LL2_Km_Sup,fermi_energy
-4.0,-19.65325578665653,-4.577245525821951,-55.15990016546927,51.17710530056163,-15.372294105409553,-3.5194885215400844,-59.89616196149185,46.68924872722359,-18.147855786656553,-3.0718455258219466,-53.654500165469265,52.68250530056161,-13.866894105409552,-2.0140885215400863,-58.39076196149179,48.19464872722361,-9.22206981561575
0.0,-17.564561396727335,-2.7884058131113054,-55.41466348986108,50.99324957708991,-17.458196725442264,-5.303816458959725,-59.56046028770683,46.78504382724158,-16.059161396727276,-1.2830058131113065,-53.90926348986106,52.49864957708992,-15.95279672544226,-3.7984164589597196,-58.05506028770687,48.29044382724167,-10.628306592200992
4.0,-15.429563012630581,-0.9987139806420277,-55.72197382037276,50.8658557893023,-19.589203068594202,-7.091116309601973,-59.279239926562035,46.93430910782251,-13.924163012630595,0.5066860193579585,-54.21657382037272,52.37125578930231,-18.083803068594168,-5.585716309601977,-57.773839926562026,48.4397091078225,-10.507639661116285
