u,LL0_Kp_Sdown,LL1_Kp_Sdown,LLm2_Kp_Sdown,LL2_Kp_Sdown,LL0_Km_Sdown,LL1_Km_Sdown,LLm2_Km_Sdown,LL2_Km_Sdown,LL0_Kp_Sup,LL1_Kp_Sup,LLm2_Kp_Sup,LL2_Kp_Sup,LL0_Km_Sup,LL1_Km_Sup,LLm2_Km_Sup,LL2_Km_Sup,fermi_energy
0.0,-22.74153366652898,-15.283927372644234,-57.45380235491087,48.919416348995114,-22.74153358200206,-15.28392750575758,-57.45380235491087,48.919416348995114,0.4701191954183249,5.532261851942319,-55.94840235491087,50.42481634899512,0.4701192207334933,5.532261870715589,-55.94840235491087,50.42481634899512,-7.406904088612954
1.0,-22.701473668082958,-14.976511690004191,-57.510726981971324,48.90089797503468,-23.690636037149645,-15.79434221650447,-57.39968379138522,48.940748579425886,0.9615222219915918,5.938826410578805,-56.00532698197132,50.40629797503469,-0.027640147075035,5.120995884078519,-55.89428379138522,50.44614857942588,-7.502075918539613
