u,LL0_Kp_Sdown,LL1_Kp_Sdown,LLm2_Kp_Sdown,LL2_Kp_Sdown,LL0_Km_Sdown,LL1_Km_Sdown,LLm2_Km_Sdown,LL2_Km_Sdown,LL0_Kp_Sup,LL1_Kp_Sup,LLm2_Kp_Sup,LL2_Kp_Sup,LL0_Km_Sup,LL1_Km_Sup,LLm2_Km_Sup,LL2_Km_Sup,fermi_energy
1.0,-22.70147366808301,-14.976511690004184,-43.37072698197132,54.740897975034684,-23.69063603714959,-15.79434221650447,-43.25968379138522,54.78074857942588,0.9615222219915949,5.938826410578796,-41.86532698197132,56.246297975034686,-0.027640147075026347,5.120995884078517,-41.75428379138522,56.286148579425884,-7.502075918539605
2.0,-22.206839101377668,-14.567572357725632,-43.43045405311882,54.72519031228756,-24.185161526710477,-16.203233208584543,-43.20837444745197,54.804897348094606,1.4561567886969558,6.34776574285734,-41.92505405311882,56.23059031228756,-0.522165636635975,4.712104891998434,-41.702974447451965,56.31029734809461,-7.544868997180804
3.0,-21.712170455165275,-14.158617110603698,-43.492979488365016,54.71228975484398,-24.6796483094949,-16.61210788135783,-43.1598770133178,54.83186487083537,1.950825434909294,6.7567209899793035,-41.987579488365014,56.21768975484398,-1.0166524194203141,4.303230219225142,-41.654477013317795,56.33726487083538,-7.587634765012006
4.0,-21.217468837166127,-13.749646044462969,-43.558298750416064,54.70219223935923,-25.17409517541286,-17.020966127968453,-43.114193711273245,54.86165289549717,2.445527052908442,7.165692056120007,-42.05289875041606,56.207592239359236,-1.5110992853382814,3.8943719726145254,-41.608793711273236,56.367052895497174,-7.630372664900625
