u,LL0_Kp_Sdown,LL1_Kp_Sdown,LLm2_Kp_Sdown,LL2_Kp_Sdown,LL0_Km_Sdown,LL1_Km_Sdown,LLm2_Km_Sdown,LL2_Km_Sdown,LL0_Kp_Sup,LL1_Kp_Sup,LLm2_Kp_Sup,LL2_Kp_Sup,LL0_Km_Sup,LL1_Km_Sup,LLm2_Km_Sup,LL2_Km_Sup,fermi_energy
1.0,-21.701473668082983,-13.97651169000418,-55.46216496637758,50.97739126897759,-22.690636037149616,-14.794342216504472,-59.44305943951624,46.85665187058717,0.9615222219915938,5.9388264105788044,-53.95676496637754,52.48279126897755,-0.027640147075029195,5.1209958840785195,-57.93765943951627,48.36205187058725,-7.002075918539605
2.0,-21.206839101377618,-13.567572357725657,-55.53745690727448,50.94294534221731,-23.18516152671057,-15.203233208584543,-59.37099854041511,46.893246497693376,1.4561567886969633,6.347765742857328,-54.03205690727447,52.44834534221732,-0.5221656366359773,4.712104891998436,-57.865598540415135,48.398646497693285,-7.044868997180817
3.0,-20.71217045516528,-13.158617110603705,-55.616086595426815,50.911947439838514,-23.6796483094949,-15.61210788135784,-59.30229365712092,46.933265126888095,1.9508254349092984,6.756720989979308,-54.11068659542678,52.41734743983857,-1.0166524194203086,4.303230219225142,-57.796893657120826,48.43866512688815,-7.087634765012007
4.0,-20.21746883716613,-12.749646044462969,-55.69803629207969,50.884402376259565,-24.174095175412848,-16.020966127968453,-59.23696113323473,46.97670005098326,2.445527052908446,7.165692056120012,-54.19263629207976,52.38980237625952,-1.5110992853382834,3.894371972614528,-57.73156113323475,48.48210005098325,-7.1303726649006265
