u,LLm2_Kp_Sdown_to_LL1_Kp_Sdown,LLm2_Km_Sdown_to_LL1_Km_Sdown,LLm2_Kp_Sup_to_LL1_Kp_Sup,LLm2_Km_Sup_to_LL1_Km_Sup
0.0,52.55825887119785,54.16556973984826,52.55825887119792,54.16556973984816
1.0,53.076721045246195,53.644660133571826,53.07672104524615,53.64466013357185
