u,LL1_Kp_Sdown_to_LL2_Kp_Sdown,LL1_Km_Sdown_to_LL2_Km_Sdown,LLm2_Kp_Sup_to_LL1_Kp_Sup,LLm2_Km_Sup_to_LL1_Km_Sup
1.0,69.71740966503887,70.57509079593035,47.80415339255012,46.87527967546374
2.0,69.29276267001319,71.00813055667915,48.27281979597616,46.4150793394504
3.0,68.87090686544768,71.44397275219319,48.744300478344314,45.95770723254294
4.0,68.4518382838222,71.88261902346562,49.21859080653607,45.50316568388776
