u,LL1_Kp_Sdown_to_LL2_Kp_Sdown,LL1_Km_Sdown_to_LL2_Km_Sdown,LLm2_Kp_Sup_to_LL1_Kp_Sup,LLm2_Km_Sup_to_LL1_Km_Sup
1.0,64.95390295898177,61.65099408709165,59.89559137695635,63.058655323594785
2.0,64.51051769994297,62.09647970627792,60.3798226501318,62.57770343241357
3.0,64.07056455044221,62.54537300824593,60.867407585406085,62.10012387634597
4.0,63.634048420722536,62.99766617895172,61.35832834819978,61.62593310584928
