u,LL1_Kp_Sdown_to_LL2_Kp_Sdown,LL1_Km_Sdown_to_LL2_Km_Sdown,LLm2_Kp_Sup_to_LL1_Kp_Sup,LLm2_Km_Sup_to_LL1_Km_Sup
0.0,64.20334372163934,64.20334385475269,61.480664206853184,61.480664225626455
1.0,63.87740966503887,64.73509079593036,61.94415339255013,61.01527967546374
