u,LL0_Kp_Sdown,LL1_Kp_Sdown,LLm2_Kp_Sdown,LL2_Kp_Sdown,LL0_Km_Sdown,LL1_Km_Sdown,LLm2_Km_Sdown,LL2_Km_Sdown,LL0_Kp_Sup,LL1_Kp_Sup,LLm2_Kp_Sup,LL2_Kp_Sup,LL0_Km_Sup,LL1_Km_Sup,LLm2_Km_Sup,LL2_Km_Sup,fermi_energy
-4.0,-27.54127559534955,-18.58349539466448,-57.278682402223815,48.42761473003154,-23.34714862471116,-15.035091240035731,-57.546658345256546,47.824294417225616,-26.03587559534953,-17.078095394664473,-55.77328240222381,49.93301473003155,-21.841748624711162,-13.529691240035735,-56.04125834525648,49.32969441722569,17.147301588594942
0.0,-25.444304062829353,-16.80918999280321,-57.385633505146416,48.09888613215116,-25.444304062829403,-16.809189992803283,-57.38563350514642,48.09888613215113,-23.93890406282935,-15.30378999280323,-55.88023350514639,49.604286132151174,-23.938904062829344,-15.303789992803214,-55.880233505146464,49.60428613215122,16.39754806967396
4.0,-23.347148624711142,-15.035091240035792,-57.54665834525649,47.824294417225616,-27.541275595349546,-18.583495394664492,-57.278682402223865,48.42761473003152,-21.841748624711123,-13.529691240035747,-56.04125834525646,49.329694417225596,-26.03587559534953,-17.078095394664444,-55.773282402223906,49.93301473003154,17.147301588594935
