u,LL0_Kp_Sdown,LL1_Kp_Sdown,LLm2_Kp_Sdown,LL2_Kp_Sdown,LL0_Km_Sdown,LL1_Km_Sdown,LLm2_Km_Sdown,LL2_Km_Sdown,LL0_Kp_Sup,LL1_Kp_Sup,LLm2_Kp_Sup,LL2_Kp_Sup,LL0_Km_Sup,LL1_Km_Sup,LLm2_Km_Sup,LL2_Km_Sup,fermi_energy
-4.0,-27.5412756,-18.58349539,-57.2786824,48.42761473,-23.34714862,-15.03509124,-57.54665835,47.82429442,-26.0358756,-17.07809539,-55.7732824,49.93301473,-21.84174862,-13.52969124,-56.04125835,49.32969442,17.14730159
0.0,-25.44430406,-16.80918999,-57.38563351,48.09888613,-25.44430406,-16.80918999,-57.38563351,48.09888613,-23.93890406,-15.30378999,-55.88023351,49.60428613,-23.93890406,-15.30378999,-55.88023351,49.60428613,16.39754807
4.0,-23.34714862,-15.03509124,-57.54665835,47.82429442,-27.5412756,-18.58349539,-57.2786824,48.42761473,-21.84174862,-13.52969124,-56.04125835,49.32969442,-26.0358756,-17.07809539,-55.7732824,49.93301473,17.14730159
