u,LL0_Kp_Sdown,LL1_Kp_Sdown,LLm2_Kp_Sdown,LL2_Kp_Sdown,LL0_Km_Sdown,LL1_Km_Sdown,LLm2_Km_Sdown,LL2_Km_Sdown,LL0_Kp_Sup,LL1_Kp_Sup,LLm2_Kp_Sup,LL2_Kp_Sup,LL0_Km_Sup,LL1_Km_Sup,LLm2_Km_Sup,LL2_Km_Sup,fermi_energy
2.0,-13.813038563927783,-0.16981625106693585,-53.194424685265915,52.62844172288122,-26.694827329840077,-17.89970813701687,-57.513696569112604,48.068801573593404,-12.307638563927782,1.3355837489330642,-51.68902468526591,54.13384172288122,-14.792517591082893,-0.8264852334073157,-51.80223182001829,53.901325014007305,-6.567061898667549
