u,LL1_Kp_Sdown_to_LL2_Kp_Sdown,LLm2_Km_Sdown_to_LL1_Km_Sdown,LLm2_Kp_Sup_to_LL1_Kp_Sup,LLm2_Km_Sup_to_LL1_Km_Sup,LLm2_Kp_Sdown_to_LL1_Kp_Sdown,LL1_Km_Sdown_to_LL2_Km_Sdown
-2.0,65.96850971061028,53.02460843419898,50.975746586610974,53.024608434198974,,
-1.0,65.44426235480186,52.507460161504056,51.48301470469392,52.507460161504056,,
0.0,,,51.993590611675224,51.993590611675224,51.99359061167523,64.92339540042671
1.0,,,52.507460161504056,51.48301470469392,52.507460161504056,65.44426235480186
2.0,,,53.024608434198974,50.975746586610974,53.02460843419898,65.96850971061028
3.0,,,53.545019751673536,50.47179961463151,53.545019751673536,66.49612333994007
