u,LL0_Kp_Sdown,LL1_Kp_Sdown,LLm2_Kp_Sdown,LL2_Kp_Sdown,LL0_Km_Sdown,LL1_Km_Sdown,LLm2_Km_Sdown,LL2_Km_Sdown,LL0_Kp_Sup,LL1_Kp_Sup,LLm2_Kp_Sup,LL2_Kp_Sup,LL0_Km_Sup,LL1_Km_Sup,LLm2_Km_Sup,LL2_Km_Sup,fermi_energy
-1.0,-26.17052843070407,-17.456081500432592,-57.54207669336086,47.988180854369276,-24.734428091850663,-16.181397913158687,-57.22154178817184,48.22452417481394,-24.665128430704076,-15.950681500432593,-56.03667669336085,49.49358085436928,-12.831988571127091,0.8919764027449802,-51.615483758759076,54.167483476608155,-5.970006084191056
0.0,-25.25876157950881,-16.62501104758468,-57.186393861349444,48.298384352842035,-25.646209003374018,-17.012458471449893,-57.57384128521465,47.910936928976824,-13.356348141842101,0.44833283808598196,-51.54525777358924,54.20451842888065,-24.140809003374024,-15.507058471449891,-56.06844128521465,49.41633692897683,-6.45400765187806
1.0,-24.734428091850663,-16.181397913158687,-57.22154178817184,48.22452417481394,-26.17052843070407,-17.456081500432592,-57.54207669336086,47.988180854369276,-12.831988571127091,0.8919764027449802,-51.615483758759076,54.167483476608155,-24.665128430704076,-15.950681500432593,-56.03667669336085,49.49358085436928,-5.970006084191056
