u,LL1_Kp_Sdown_to_LL2_Kp_Sdown,LL1_Kp_Sup_to_LL2_Kp_Sup,LL1_Km_Sup_to_LL2_Km_Sup
0.0,59.24353561,60.80080705,66.03382399
1.0,58.7570941,60.3016544,66.54334649
2.0,58.27387006,59.80583784,67.05601303
3.0,57.79387025,59.31336609,67.571811
