u,LL0_Kp_Sdown,LL1_Kp_Sdown,LLm2_Kp_Sdown,LL2_Kp_Sdown,LL0_Km_Sdown,LL1_Km_Sdown,LLm2_Km_Sdown,LL2_Km_Sdown,LL0_Kp_Sup,LL1_Kp_Sup,LLm2_Kp_Sup,LL2_Kp_Sup,LL0_Km_Sup,LL1_Km_Sup,LLm2_Km_Sup,LL2_Km_Sup,fermi_energy
-2.0,-16.297917591082893,-2.3318852334073163,-53.3076318200183,52.3959250140073,-13.813038563927783,-0.16981625106693585,-53.194424685265915,52.62844172288122,-14.792517591082893,-0.8264852334073157,-51.80223182001829,53.901325014007305,8.391043290880026,11.731666412646332,-48.28387405428043,58.049802225332456,-8.07246189866755
-1.0,-15.77355826200165,-1.888188095220275,-53.3712027999142,52.352100504320774,-14.337388571127091,-0.61342359725502,-53.12088375875908,52.66208347660815,-14.26815826200165,-0.38278809522027457,-51.8658027999142,53.857500504320775,7.866806539157521,11.288191197847855,-48.18047423473024,58.051869636132,-8.078173178610962
0.0,-14.861748141842101,-1.0570671619140184,-53.05065777358925,52.699118428880645,-15.24919556570731,-1.4445145857792276,-53.438105197454455,52.311671005015434,7.342546071027588,10.844663252871442,-48.08031295522182,58.05731251392254,-13.74379556570731,0.060885414220772587,-51.93270519745445,53.81707100501544,-7.594155075743269
1.0,-14.337388571127091,-0.61342359725502,-53.12088375875908,52.66208347660815,-15.77355826200165,-1.888188095220275,-53.3712027999142,52.352100504320774,7.866806539157521,11.288191197847855,-48.18047423473024,58.051869636132,-14.26815826200165,-0.38278809522027457,-51.8658027999142,53.857500504320775,-8.078173178610962
2.0,-13.813038563927783,-0.16981625106693585,-53.194424685265915,52.62844172288122,-16.297917591082893,-2.3318852334073163,-53.3076318200183,52.3959250140073,8.391043290880026,11.731666412646332,-48.28387405428043,58.049802225332456,-14.792517591082893,-0.8264852334073157,-51.80223182001829,53.901325014007305,-8.07246189866755
3.0,-13.288704499318083,0.2737486508519104,-53.27127110082163,52.598190937264576,-16.822267009358345,-2.775599647586868,-53.24739926221837,52.443144110259716,8.915250081834929,12.17508282863458,-48.39049751854777,58.051101729002774,-15.316867009358344,-1.2701996475868673,-51.74199926221837,53.94854411025972,-8.032152073452476
