u,LL0_Kp_Sdown,LL1_Kp_Sdown,LLm2_Kp_Sdown,LL2_Kp_Sdown,LL0_Km_Sdown,LL1_Km_Sdown,LLm2_Km_Sdown,LL2_Km_Sdown,LL0_Kp_Sup,LL1_Kp_Sup,LLm2_Kp_Sup,LL2_Kp_Sup,LL0_Km_Sup,LL1_Km_Sup,LLm2_Km_Sup,LL2_Km_Sup,fermi_energy
0.0,-25.452485291441416,-16.818734759517287,-57.38011757328205,48.10466064090943,-25.452485291441416,-16.818734759517287,-57.38011757328205,48.10466064090943,-23.947085291441418,-15.313334759517288,-55.87471757328204,49.61006064090943,-23.947085291441418,-15.313334759517288,-55.87471757328204,49.61006064090943,16.39566294069607
1.0,-24.928151803783265,-16.375121625091293,-57.41526550010445,48.030800462881345,-25.976804718771465,-17.26235778849999,-57.34835298142825,48.18190456630189,-23.422751803783267,-14.869721625091294,-55.90986550010444,49.53620046288135,-24.471404718771467,-15.756957788499989,-55.84295298142825,49.68730456630189,16.580539418895025
