u,LL0_Kp_Sdown,LL1_Kp_Sdown,LLm2_Kp_Sdown,LL2_Kp_Sdown,LL0_Km_Sdown,LL1_Km_Sdown,LLm2_Km_Sdown,LL2_Km_Sdown,LL0_Kp_Sup,LL1_Kp_Sup,LLm2_Kp_Sup,LL2_Kp_Sup,LL0_Km_Sup,LL1_Km_Sup,LLm2_Km_Sup,LL2_Km_Sup,fermi_energy
-1.0,9.019144282397676,13.187390183711459,-36.58887485208912,61.530499550201796,5.780235403359708,9.20162006205004,-50.267045370528066,55.96529850033417,10.524544282397676,14.69279018371146,-35.08347485208912,63.03589955020179,7.2856354033597075,10.70702006205004,-48.76164537052806,57.47069850033418,-42.67526011130859
0.0,5.255974935229773,8.758092117073627,-50.16688409101963,55.97074137812473,9.514048395045409,13.596695345564836,-36.65121375466445,61.51735294253289,6.761374935229773,10.263492117073628,-48.66148409101963,57.47614137812474,11.019448395045407,15.102095345564837,-35.14581375466444,63.02275294253289,-42.65634892284204
1.0,5.780235403359708,9.20162006205004,-50.267045370528066,55.96529850033417,9.019144282397676,13.187390183711459,-36.58887485208912,61.530499550201796,7.2856354033597075,10.70702006205004,-48.76164537052806,57.47069850033418,10.524544282397676,14.69279018371146,-35.08347485208912,63.03589955020179,-42.67526011130859
