u,LLm2_Kp_Sdown_to_LL1_Kp_Sdown,LLm2_Kp_Sup_to_LL1_Kp_Sup
0.0,56.89033314,56.89033314
1.0,57.42184909,57.42184909
2.0,57.95650106,57.95650106
3.0,58.49427044,58.49427044
