u,LL0_Kp_Sdown,LL1_Kp_Sdown,LLm2_Kp_Sdown,LL2_Kp_Sdown,LL0_Km_Sdown,LL1_Km_Sdown,LLm2_Km_Sdown,LL2_Km_Sdown,LL0_Kp_Sup,LL1_Kp_Sup,LLm2_Kp_Sup,LL2_Kp_Sup,LL0_Km_Sup,LL1_Km_Sup,LLm2_Km_Sup,LL2_Km_Sup,fermi_energy
20.0,4.834216487976731,12.49055551057148,-55.14151040941814,54.114527955501096,-34.50042755833357,-23.43550381501018,-62.08000993770604,45.443673249970715,6.339616487976735,13.995955510571505,-53.63611040941808,55.619927955501204,-32.99502755833373,-21.93010381501013,-60.574609937706036,46.949073249970745,-8.547943663516701
21.0,5.359144775750294,12.934572864587762,-55.29281961201326,54.16080885149458,-35.02488984307783,-23.880119951981143,-62.09147640014871,45.564016510940874,6.864544775750297,14.439972864587753,-53.787419612013245,55.666208851494574,-33.51948984307786,-22.374719951981117,-60.5860764001487,47.069416510940954,-8.507787588115411
22.000000000000004,5.883927161588448,13.378416423565646,-55.447038459964276,54.21024384745315,-35.54920666731274,-24.32462532708649,-62.1062392694073,45.687540177390304,7.389327161588459,14.883816423565655,-53.94163845996421,55.71564384745309,-34.04380666731268,-22.8192253270865,-60.6008392694073,47.19294017739032,-8.467649082749025
