u,LL0_Kp_Sdown,LL1_Kp_Sdown,LLm2_Kp_Sdown,LL2_Kp_Sdown,LL0_Km_Sdown,LL1_Km_Sdown,LLm2_Km_Sdown,LL2_Km_Sdown,LL0_Kp_Sup,LL1_Kp_Sup,LLm2_Kp_Sup,LL2_Kp_Sup,LL0_Km_Sup,LL1_Km_Sup,LLm2_Km_Sup,LL2_Km_Sup,fermi_energy
-2.0,-18.636161814264508,-3.725093966854805,-55.25643598487332,51.10140782828489,-16.523408156843693,-4.462050477638858,-59.67925704178834,46.76742256274465,-17.13076181426452,-2.219693966854807,-53.7510359848734,52.60680782828494,-15.018008156843697,-2.9566504776388567,-58.173857041788345,48.27282256274461,-9.740029317241277
-1.0,-18.109328356944186,-3.2785165862331973,-55.3216445267887,51.056622939299686,-17.049366516649343,-4.907443199680198,-59.597200143648884,46.79374119932252,-16.60392835694417,-1.773116586233191,-53.816244526788665,52.56202293929969,-15.543966516649354,-3.402043199680191,-58.09180014364883,48.29914119932254,-10.225704858164775
0.0,-17.58261676788773,-2.8319650494632116,-55.390223920661064,51.015283928886674,-17.57522491965518,-5.3528940602931145,-59.518463800141376,46.8234835782265,-16.077216767887336,-1.3265650494631045,-53.88482392066103,52.520683928886726,-16.069824919655648,-3.8474940602932346,-58.013063800141396,48.3288835782264,-10.711359489974381
1.0,-17.055650693720914,-2.385443921131384,-55.46216496637758,50.97739126897759,-18.101358955395863,-5.798399305944415,-59.44305943951624,46.85665187058717,-15.550250693720884,-0.8800439211313906,-53.95676496637754,52.48279126897755,-16.59595895539587,-4.292999305944422,-57.93765943951627,48.36205187058725,-10.674324999832649
2.0,-16.528812190253735,-1.9389554080394935,-55.537456907274475,50.94294534221731,-18.62738458398595,-6.2439578036896926,-59.37099854041511,46.893246497693376,-15.023412190253707,-0.433555408039495,-54.032056907274466,52.44834534221732,-17.121984583985974,-4.738557803689697,-57.865598540415135,48.398646497693285,-10.633684996971699
3.0,-16.001965298430356,-1.4924969390496832,-55.616086595426815,50.911947439838514,-19.15343323940356,-6.6895739200893765,-59.30229365712092,46.933265126888095,-14.496565298430339,0.01290306095032014,-54.11068659542678,52.41734743983857,-17.648033239403613,-5.184173920089374,-57.796893657120826,48.43866512688815,-10.593069609259857
