u,LL0_Kp_Sdown,LL1_Kp_Sdown,LLm2_Kp_Sdown,LL2_Kp_Sdown,LL0_Km_Sdown,LL1_Km_Sdown,LLm2_Km_Sdown,LL2_Km_Sdown,LL0_Kp_Sup,LL1_Kp_Sup,LLm2_Kp_Sup,LL2_Kp_Sup,LL0_Km_Sup,LL1_Km_Sup,LLm2_Km_Sup,LL2_Km_Sup,fermi_energy
2.0,-16.528812190253735,-1.9389554080394935,-55.537456907274475,50.94294534221731,-18.62738458398595,-6.2439578036896926,-59.37099854041511,46.893246497693376,-15.023412190253707,-0.433555408039495,-54.032056907274466,52.44834534221732,-17.121984583985974,-4.738557803689697,-57.865598540415135,48.398646497693285,-10.633684996971699
