u,LLm2_Kp_Sdown_to_LL1_Kp_Sdown,LLm2_Km_Sdown_to_LL1_Km_Sdown,LLm2_Kp_Sup_to_LL1_Kp_Sup,LLm2_Km_Sup_to_LL1_Km_Sup
-2.0,51.53134201801851,55.21720656414948,51.53134201801859,55.217206564149485
-1.0,52.04312794055551,54.68975694396869,52.04312794055547,54.68975694396864
0.0,52.55825887119785,54.16556973984826,52.55825887119792,54.16556973984816
1.0,53.076721045246195,53.644660133571826,53.07672104524615,53.64466013357185
2.0,53.598501499234985,53.12704073672542,53.59850149923497,53.12704073672544
3.0,54.123589656377135,52.61271973703154,54.1235896563771,52.612719737031455
