u,LLm2_Kp_Sdown_to_LL1_Kp_Sdown,LLm2_Km_Sdown_to_LL1_Km_Sdown,LLm2_Kp_Sup_to_LL1_Kp_Sup
0.0,56.10526974,56.1947077,56.10526974
1.0,56.62293236,55.67456488,56.62293236
2.0,57.14360485,55.15752661,57.14360485
3.0,57.66727161,54.64360785,57.66727161
