LLm2_Kp_Sdown_to_LL1_Kp_Sdown,LL1_Km_Sdown_to_LL2_Km_Sdown,LLm2_Kp_Sup_to_LL1_Kp_Sup,LL1_Km_Sup_to_LL2_Km_Sup,u
67.63206591998961,68.8791770649809,67.63206591998959,68.87917706498088,20.0
68.22739247660103,69.44413646292202,68.227392476601,69.44413646292207,21.0
68.82545488352991,70.0121655044768,68.82545488352986,70.01216550447683,22.000000000000004
