LLm2_Kp_Sdown_to_LL1_Kp_Sdown,LL1_Km_Sdown_to_LL2_Km_Sdown,LLm2_Kp_Sup_to_LL1_Kp_Sup,LL1_Km_Sup_to_LL2_Km_Sup,u
67.01443672360577,68.26914334755021,67.0144367236058,68.26914334755025,20.0
67.60510403740983,68.82911884648667,67.60510403740983,68.82911884648662,21.0
68.19850524431911,69.39214938060881,68.1985052443191,69.39214938060886,22.000000000000004
