u,LL0_Kp_Sdown,LL1_Kp_Sdown,LLm2_Kp_Sdown,LL2_Kp_Sdown,LL0_Km_Sdown,LL1_Km_Sdown,LLm2_Km_Sdown,LL2_Km_Sdown,LL0_Kp_Sup,LL1_Kp_Sup,LLm2_Kp_Sup,LL2_Kp_Sup,LL0_Km_Sup,LL1_Km_Sup,LLm2_Km_Sup,LL2_Km_Sup,fermi_energy
2.0,-24.21008697555258,-15.737800939688709,-57.26007105070504,48.15405381934377,-26.694827329840077,-17.89970813701687,-57.513696569112604,48.068801573593404,-12.307638563927782,1.3355837489330642,-51.68902468526591,54.13384172288122,-25.18942732984008,-16.394308137016868,-56.008296569112595,49.574201573593406,-5.4860274074973585
