u,LL0_Kp_Sdown,LL1_Kp_Sdown,LLm2_Kp_Sdown,LL2_Kp_Sdown,LL0_Km_Sdown,LL1_Km_Sdown,LLm2_Km_Sdown,LL2_Km_Sdown,LL0_Kp_Sup,LL1_Kp_Sup,LLm2_Kp_Sup,LL2_Kp_Sup,LL0_Km_Sup,LL1_Km_Sup,LLm2_Km_Sup,LL2_Km_Sup,fermi_energy
-2.0,-26.694827329840077,-17.89970813701687,-57.513696569112604,48.068801573593404,-24.21008697555258,-15.737800939688709,-57.26007105070504,48.15405381934377,-25.18942732984008,-16.394308137016868,-56.008296569112595,49.574201573593406,-12.307638563927782,1.3355837489330642,-51.68902468526591,54.13384172288122,-5.4860274074973585
-1.0,-26.17052843070407,-17.456081500432592,-57.54207669336086,47.988180854369276,-24.734428091850663,-16.181397913158687,-57.22154178817184,48.22452417481394,-24.665128430704076,-15.950681500432593,-56.03667669336085,49.49358085436928,-12.831988571127091,0.8919764027449802,-51.615483758759076,54.167483476608155,-5.970006084191056
0.0,-25.25876157950881,-16.62501104758468,-57.186393861349444,48.298384352842035,-25.646209003374018,-17.012458471449893,-57.57384128521465,47.910936928976824,-13.356348141842101,0.44833283808598196,-51.54525777358924,54.20451842888065,-24.140809003374024,-15.507058471449891,-56.06844128521465,49.41633692897683,-6.45400765187806
1.0,-24.734428091850663,-16.181397913158687,-57.22154178817184,48.22452417481394,-26.17052843070407,-17.456081500432592,-57.54207669336086,47.988180854369276,-12.831988571127091,0.8919764027449802,-51.615483758759076,54.167483476608155,-24.665128430704076,-15.950681500432593,-56.03667669336085,49.49358085436928,-5.970006084191056
2.0,-24.21008697555258,-15.737800939688709,-57.26007105070504,48.15405381934377,-26.694827329840077,-17.89970813701687,-57.513696569112604,48.068801573593404,-12.307638563927782,1.3355837489330642,-51.68902468526591,54.13384172288122,-25.18942732984008,-16.394308137016868,-56.008296569112595,49.574201573593406,-5.4860274074973585
3.0,-23.685744622103595,-15.294226367457348,-57.30197878655703,48.086978478558066,-27.219099200760322,-18.343332079282007,-57.4887011761031,48.15279126065806,-11.783304499318083,1.7791486508519105,-51.76587110082163,54.10359093726458,-25.713699200760324,-16.83793207928201,-55.9833011761031,49.65819126065807,-5.002077924233086
