u,LLm2_Kp_Sdown_to_LL1_Kp_Sdown,LLm2_Km_Sdown_to_LL1_Km_Sdown,LLm2_Kp_Sup_to_LL1_Kp_Sup,LLm2_Km_Sup_to_LL1_Km_Sup
0.0,58.49423173,58.60857285,58.49423173,58.60857285
1.0,59.03402726,58.07072015,59.03402726,58.07072015
2.0,59.57698014,57.53607565,59.57698014,57.53607565
3.0,60.12307016,57.00465779,60.12307016,57.00465779
