u,LL0_Kp_Sdown,LL1_Kp_Sdown,LLm2_Kp_Sdown,LL2_Kp_Sdown,LL0_Km_Sdown,LL1_Km_Sdown,LLm2_Km_Sdown,LL2_Km_Sdown,LL0_Kp_Sup,LL1_Kp_Sup,LLm2_Kp_Sup,LL2_Kp_Sup,LL0_Km_Sup,LL1_Km_Sup,LLm2_Km_Sup,LL2_Km_Sup,fermi_energy
20.0,5.113429804541638,12.503924620772699,-54.51051210283307,54.16359160104313,-33.00699810470297,-22.205172023036102,-60.88912934651052,46.063971324514114,6.618829804541628,14.009324620772698,-53.0051121028331,55.66899160104312,-31.501598104702918,-20.699772023036076,-59.38372934651049,47.56937132451418,-7.7931711092472185
21.0,5.636510232013121,12.94578625827846,-54.65931777913138,54.20921472315928,-33.529550057901446,-22.647559459027214,-60.899916288270994,46.18155938745945,7.1419102320131325,14.451186258278454,-53.153917779131376,55.714614723159364,-32.02415005790138,-21.1421594590272,-59.394516288270985,47.68695938745942,-7.75282461350704
22.000000000000004,6.159455892323057,13.387487064066129,-54.81101818025299,54.257961447184165,-34.05196305126827,-23.089843719972674,-60.91396807756736,46.302305660636144,7.664855892323061,14.892887064066148,-53.30561818025295,55.76336144718407,-32.54656305126822,-21.584443719972683,-59.408568077567324,47.807705660636174,-7.712493913824813
