u,LL0_Kp_Sdown,LL1_Kp_Sdown,LLm2_Kp_Sdown,LL2_Kp_Sdown,LL0_Km_Sdown,LL1_Km_Sdown,LLm2_Km_Sdown,LL2_Km_Sdown,LL0_Kp_Sup,LL1_Kp_Sup,LLm2_Kp_Sup,LL2_Kp_Sup,LL0_Km_Sup,LL1_Km_Sup,LLm2_Km_Sup,LL2_Km_Sup,fermi_energy
2.0,-24.403810687485187,-15.931524651621311,-57.453794762637635,47.960330107411174,-26.501103617907475,-17.705984425084267,-57.31997285717996,48.26252528552601,-22.898410687485192,-14.426124651621311,-55.94839476263763,49.465730107411176,-24.995703617907477,-16.200584425084262,-55.81457285717996,49.76792528552602,16.76710272789493
