u,LL0_Kp_Sdown,LL1_Kp_Sdown,LLm2_Kp_Sdown,LL2_Kp_Sdown,LL0_Km_Sdown,LL1_Km_Sdown,LLm2_Km_Sdown,LL2_Km_Sdown,LL0_Kp_Sup,LL1_Kp_Sup,LLm2_Kp_Sup,LL2_Kp_Sup,LL0_Km_Sup,LL1_Km_Sup,LLm2_Km_Sup,LL2_Km_Sup,fermi_energy
20.0,-14.971378551717745,-7.956421890338531,-58.718234109094674,47.27315408257931,-35.92748647872796,-25.684736821370674,-57.38399911936395,50.27818212758953,-13.465978551717745,-6.45102189033853,-57.212834109094665,48.77855408257931,-34.422086478727955,-24.179336821370676,-55.87859911936394,51.78358212758954,20.41106609612039
21.0,-14.448038105209639,-7.514256506036219,-58.819529052233804,47.26707223757191,-36.450146513563524,-26.12725050169338,-57.41899815517801,50.42054383619702,-12.942638105209639,-6.008856506036218,-57.3141290522338,48.77247223757191,-34.94474651356352,-24.62185050169338,-55.91359815517801,51.92594383619702,20.629107865767846
22.000000000000004,-13.92480524433562,-7.072220328580163,-58.92399614443063,47.264318365185055,-36.972654849787595,-26.569646128962532,-57.45722667843812,50.56597555301903,-12.41940524433562,-5.566820328580162,-57.41859614443063,48.76971836518506,-35.467254849787594,-25.064246128962534,-55.95182667843812,52.07137555301904,20.848749018302446
