u,LL1_Kp_Sdown_to_LL2_Kp_Sdown,LL1_Km_Sdown_to_LL2_Km_Sdown,LL1_Kp_Sup_to_LL2_Kp_Sup,LL1_Km_Sup_to_LL2_Km_Sup
20.0,55.22957597291784,75.96291894896021,55.22957597291784,75.96291894896021
21.0,54.78132874360813,76.5477943378904,54.78132874360813,76.5477943378904
22.000000000000004,54.33653869376522,77.13562168198156,54.33653869376522,77.13562168198158
