u,LL1_Kp_Sdown_to_LL2_Kp_Sdown,LL1_Km_Sdown_to_LL2_Km_Sdown,LL1_Kp_Sup_to_LL2_Kp_Sup,LL1_Km_Sup_to_LL2_Km_Sup
2.0,63.89185475903248,65.96850971061028,63.89185475903248,65.96850971061028
