u,LL0_Kp_Sdown,LL1_Kp_Sdown,LLm2_Kp_Sdown,LL2_Kp_Sdown,LL0_Km_Sdown,LL1_Km_Sdown,LLm2_Km_Sdown,LL2_Km_Sdown,LL0_Kp_Sup,LL1_Kp_Sup,LLm2_Kp_Sup,LL2_Kp_Sup,LL0_Km_Sup,LL1_Km_Sup,LLm2_Km_Sup,LL2_Km_Sup,fermi_energy
-1.0,-15.77355826200165,-1.888188095220275,-53.3712027999142,52.352100504320774,-14.337388571127091,-0.61342359725502,-53.12088375875908,52.66208347660815,-14.26815826200165,-0.38278809522027457,-51.8658027999142,53.857500504320775,7.866806539157521,11.288191197847855,-48.18047423473024,58.051869636132,-8.078173178610962
0.0,-14.861748141842101,-1.0570671619140184,-53.05065777358925,52.699118428880645,-15.24919556570731,-1.4445145857792276,-53.438105197454455,52.311671005015434,7.342546071027588,10.844663252871442,-48.08031295522182,58.05731251392254,-13.74379556570731,0.060885414220772587,-51.93270519745445,53.81707100501544,-7.594155075743269
1.0,-14.337388571127091,-0.61342359725502,-53.12088375875908,52.66208347660815,-15.77355826200165,-1.888188095220275,-53.3712027999142,52.352100504320774,7.866806539157521,11.288191197847855,-48.18047423473024,58.051869636132,-14.26815826200165,-0.38278809522027457,-51.8658027999142,53.857500504320775,-8.078173178610962
