u,LLm2_Kp_Sdown_to_LL1_Kp_Sdown,LLm2_Km_Sdown_to_LL1_Km_Sdown,LLm2_Kp_Sup_to_LL1_Kp_Sup,LLm2_Km_Sup_to_LL1_Km_Sup
0.0,59.92389428,56.91005947,61.53041871,60.09237377
1.0,61.85635594,55.01465492,61.85635594,59.77344605
2.0,62.3792636,54.53539259,62.3792636,59.26407089
3.0,62.90540115,54.05948004,62.90540115,58.75798595
4.0,63.43475105,53.58692471,63.43475105,58.2552044
