u,LL0_Kp_Sdown,LL1_Kp_Sdown,LLm2_Kp_Sdown,LL2_Kp_Sdown,LL0_Km_Sdown,LL1_Km_Sdown,LLm2_Km_Sdown,LL2_Km_Sdown,LL0_Kp_Sup,LL1_Kp_Sup,LLm2_Kp_Sup,LL2_Kp_Sup,LL0_Km_Sup,LL1_Km_Sup,LLm2_Km_Sup,LL2_Km_Sup,fermi_energy
1.0,0.03177306886659322,5.009077257453801,-43.37072698197132,54.740897975034684,-0.9573893002000288,4.191246730953518,-43.25968379138522,54.78074857942588,1.5371730688665932,6.514477257453802,-41.86532698197132,56.246297975034686,0.5480106997999713,5.696646730953518,-41.75428379138522,56.286148579425884,2.8642098999100556
2.0,0.5264076355719618,5.418016589732332,-43.43045405311882,54.72519031228756,-1.4519147897609763,3.7823557388734366,-43.20837444745197,54.804897348094606,2.031807635571962,6.923416589732333,-41.92505405311882,56.23059031228756,0.05348521023902371,5.287755738873437,-41.702974447451965,56.31029734809461,2.907081687222699
