u,LLm2_Kp_Sdown_to_LL1_Kp_Sdown,LLm2_Km_Sdown_to_LL1_Km_Sdown,LLm2_Kp_Sup_to_LL1_Kp_Sup,LLm2_Km_Sup_to_LL1_Km_Sup
1.0,48.37980423942513,47.45093052233874,48.37980423942513,47.45093052233874
2.0,48.848470642851154,46.99073018632541,48.848470642851154,46.9907301863254
