u,LLm2_Kp_Sdown_to_LL1_Kp_Sdown,LLm2_Km_Sdown_to_LL1_Km_Sdown,LLm2_Kp_Sup_to_LL1_Kp_Sup,LLm2_Km_Sup_to_LL1_Km_Sup
0.0,54.8395034,55.58416986,54.8395034,55.58416986
1.0,55.3558959,55.06697665,55.3558959,55.06697665
2.0,55.87533431,54.55289057,55.87533431,54.55289057
3.0,56.39780308,54.04192609,56.39780308,54.04192609
