u,LL0_Kp_Sdown,LL1_Kp_Sdown,LLm2_Kp_Sdown,LL2_Kp_Sdown,LL0_Km_Sdown,LL1_Km_Sdown,LLm2_Km_Sdown,LL2_Km_Sdown,LL0_Kp_Sup,LL1_Kp_Sup,LLm2_Kp_Sup,LL2_Kp_Sup,LL0_Km_Sup,LL1_Km_Sup,LLm2_Km_Sup,LL2_Km_Sup,fermi_energy
-1.0,-25.589357294906257,-16.87491036463478,-56.960905557563045,48.56935199016709,-29.125008769828842,-21.206880181494476,-62.58067794940082,35.2391667944977,-24.08395729490626,-15.36951036463478,-55.455505557563036,50.074751990167094,-27.619608769828844,-19.701480181494475,-61.07527794940082,36.7445667944977,42.656959392332396
0.0,-29.618555504536314,-21.61457543747806,-62.54832264438615,35.28215075257868,-25.06503786757621,-16.43128733565208,-56.992670149416846,48.492108064774634,-28.113155504536316,-20.109175437478058,-61.042922644386145,36.78755075257868,-23.55963786757621,-14.925887335652078,-55.48727014941684,49.99750806477464,42.63982940867666
1.0,-29.125008769828842,-21.206880181494476,-62.58067794940082,35.2391667944977,-25.589357294906257,-16.87491036463478,-56.960905557563045,48.56935199016709,-27.619608769828844,-19.701480181494475,-61.07527794940082,36.7445667944977,-24.08395729490626,-15.36951036463478,-55.455505557563036,50.074751990167094,42.656959392332396
