u,LLm2_Kp_Sdown_to_LL1_Kp_Sdown,LLm2_Km_Sdown_to_LL1_Km_Sdown,LLm2_Kp_Sup_to_LL1_Kp_Sup
0.0,55.83021158,56.83630657,55.83021158
1.0,56.3521227,56.31265912,56.3521227
2.0,56.87711478,55.79212788,56.87711478
3.0,57.40517116,55.27472849,57.40517116
