u,LL0_Kp_Sdown,LL1_Kp_Sdown,LLm2_Kp_Sdown,LL2_Kp_Sdown,LL0_Km_Sdown,LL1_Km_Sdown,LLm2_Km_Sdown,LL2_Km_Sdown,LL0_Kp_Sup,LL1_Kp_Sup,LLm2_Kp_Sup,LL2_Kp_Sup,LL0_Km_Sup,LL1_Km_Sup,LLm2_Km_Sup,LL2_Km_Sup,fermi_energy
-1.0,-26.17052843070407,-17.456081500432592,-57.54207669336086,47.988180854369276,-14.337388571127091,-0.61342359725502,-53.12088375875908,52.66208347660815,-14.26815826200165,-0.38278809522027457,-51.8658027999142,53.857500504320775,-12.831988571127091,0.8919764027449802,-51.615483758759076,54.167483476608155,-6.7227060841910555
0.0,-14.861748141842101,-1.0570671619140184,-53.05065777358925,52.699118428880645,-25.646209003374018,-17.012458471449893,-57.57384128521465,47.910936928976824,-13.356348141842101,0.44833283808598196,-51.54525777358924,54.20451842888065,-13.74379556570731,0.060885414220772587,-51.93270519745445,53.81707100501544,-7.20670765187806
1.0,-14.337388571127091,-0.61342359725502,-53.12088375875908,52.66208347660815,-26.17052843070407,-17.456081500432592,-57.54207669336086,47.988180854369276,-12.831988571127091,0.8919764027449802,-51.615483758759076,54.167483476608155,-14.26815826200165,-0.38278809522027457,-51.8658027999142,53.857500504320775,-6.7227060841910555
