u,LL0_Kp_Sdown,LL1_Kp_Sdown,LLm2_Kp_Sdown,LL2_Kp_Sdown,LL0_Km_Sdown,LL1_Km_Sdown,LLm2_Km_Sdown,LL2_Km_Sdown,LL0_Kp_Sup,LL1_Kp_Sup,LLm2_Kp_Sup,LL2_Kp_Sup,LL0_Km_Sup,LL1_Km_Sup,LLm2_Km_Sup,LL2_Km_Sup,fermi_energy
-1.0,-25.976804718771465,-17.26235778849999,-57.34835298142825,48.18190456630189,-24.928151803783265,-16.375121625091293,-57.41526550010445,48.030800462881345,-14.074434550069046,-0.1890643832876699,-51.672079087981594,54.05122421625338,-13.025712283059695,0.6982526908123746,-51.80920747069168,53.97375976467555,-6.607388333173683
0.0,-25.452485291441416,-16.818734759517287,-57.38011757328205,48.10466064090943,-25.452485291441416,-16.818734759517287,-57.38011757328205,48.10466064090943,-13.550071853774703,0.2546091261533773,-51.73898148552185,54.01079471694804,-13.550071853774703,0.2546091261533773,-51.73898148552185,54.01079471694804,-6.647731363810663
1.0,-24.928151803783265,-16.375121625091293,-57.41526550010445,48.030800462881345,-25.976804718771465,-17.26235778849999,-57.34835298142825,48.18190456630189,-13.025712283059695,0.6982526908123746,-51.80920747069168,53.97375976467555,-14.074434550069046,-0.1890643832876699,-51.672079087981594,54.05122421625338,-6.607388333173683
